init,member,verifying,patterns,REOF1,REOF2,REOF3,REOF4,REOF5,REOF6,REOF7,REOF8,REOF9,REOF10
20260605,ens1,202606,JJA,1.11890,1.92771,0.87612,1.18576,3.39537,2.55803,2.44883,1.06484,1.64504,0.47915
20260605,ens1,202607,JJA,0.15350,2.31226,1.35007,2.55415,0.96523,1.41087,3.24481,1.26875,1.83150,0.54448
20260605,ens1,202608,JJA,1.22658,-0.04022,1.21292,0.57939,0.81910,-0.87915,1.48115,-1.84643,1.54910,0.89996
20260605,ens1,202609,SON,-0.11814,-0.30734,-0.55090,-0.65543,-1.40416,-0.47080,-0.66032,-0.26588,1.24190,-0.20456
20260605,ens1,202610,SON,-0.26888,0.23689,-0.30362,-0.66740,0.50286,0.27681,-2.22918,1.40913,0.13703,-0.58825
20260605,ens1,202611,SON,-0.13550,-0.25612,-2.08777,0.47815,-0.51884,-2.64338,-0.85452,0.55204,-1.02856,-0.57315
20260605,ens1,202612,DJF,1.17440,1.56981,-0.10677,-0.72842,-0.08796,-0.53780,-0.34645,-0.38109,-1.26041,-1.61299
20260605,ens1,202701,DJF,-0.13732,0.38878,-0.88662,0.58588,-0.00166,0.32748,3.43063,0.76525,-1.45940,0.42341
20260605,ens1,202702,DJF,-1.48804,-0.29092,-0.29126,0.96565,-0.15861,-0.63278,1.85883,1.73743,-1.69346,2.91729
20260605,ens2,202606,JJA,1.14835,1.41730,0.73818,0.55736,3.60035,4.28472,2.23163,0.39251,1.90768,0.31251
20260605,ens2,202607,JJA,-0.57280,0.20976,0.55003,1.00193,2.49257,1.46887,2.41371,-0.15828,1.95508,-0.57597
20260605,ens2,202608,JJA,-0.77767,-1.18974,0.97736,0.79977,1.14342,0.11220,0.83423,-0.26646,1.63157,3.03477
20260605,ens3,202606,JJA,0.02489,2.06385,0.48809,2.02258,2.87651,1.67858,2.49195,1.41015,1.72201,-0.45063
20260605,ens3,202607,JJA,0.00844,0.09359,1.82347,1.09676,2.11710,-0.70300,1.15514,0.24521,1.69042,1.11343
20260605,ens3,202608,JJA,0.38073,0.77899,0.76379,1.30802,1.53960,-0.49458,1.15154,-0.70973,1.07400,1.27910
20260605,ens4,202606,JJA,0.36946,2.21644,0.91923,1.67541,3.28172,1.95728,2.30305,-0.31162,2.67549,-0.35146
20260605,ens4,202607,JJA,-0.61891,-1.18231,-0.56822,-0.42429,1.43375,1.08405,1.36496,0.08447,0.97020,-0.32839
20260605,ens4,202608,JJA,-0.60632,0.22197,0.12263,1.04280,2.58676,0.65241,1.55561,-0.96802,1.39805,-0.83067
20260605,ens5,202606,JJA,-0.24416,2.92022,1.27890,0.69830,3.20878,1.24676,1.79998,1.21887,2.43959,-0.58666
20260605,ens5,202607,JJA,0.33290,0.23093,0.55702,0.35670,1.69045,0.67248,1.91460,-0.26137,1.47179,0.55616
20260605,ens5,202608,JJA,-0.94432,-0.00174,0.88562,1.21654,1.16114,-1.17035,2.38310,0.65456,1.43393,0.56674
20260605,ens5,202609,SON,0.02691,0.88518,-0.85297,0.45693,-0.37118,0.05224,-0.15598,-0.02527,0.83517,-0.24503
20260605,ens5,202610,SON,0.40398,-1.29719,-0.04709,-0.70775,-1.25568,-0.80358,-0.23269,0.38355,1.66468,-0.74237
20260605,ens5,202611,SON,-0.83931,-0.65593,1.42159,-0.69839,0.50715,-1.48630,-1.16038,2.98156,-0.03622,-0.10401
20260605,ens5,202612,DJF,0.10922,-0.00740,-1.35127,0.43844,-1.79088,0.50398,-0.40289,0.83084,-0.22982,0.35711
20260605,ens5,202701,DJF,-3.04824,-0.99053,-0.43744,1.84403,0.81418,-1.01995,1.01714,1.48466,0.67408,1.10349
20260605,ens5,202702,DJF,-1.76115,-2.34868,1.18811,2.15624,1.35076,-0.30512,0.90061,0.11992,1.24047,1.10715
20260610,ens1,202606,JJA,-0.94792,0.96143,-0.52694,0.83066,2.57210,1.70457,2.06880,2.05594,3.39645,1.18773
20260610,ens1,202607,JJA,-0.61632,-0.37758,-0.53140,0.73963,1.79360,0.73002,1.24387,-0.33502,0.84636,-0.17884
20260610,ens1,202608,JJA,-1.37888,0.23002,0.16571,0.47096,3.07232,0.95385,2.04482,1.34307,1.98392,-0.96430
20260610,ens2,202606,JJA,-0.50539,0.54790,-0.39109,1.47700,2.65984,1.55902,2.25932,0.78453,2.63305,3.01393
20260610,ens2,202607,JJA,-0.51149,0.53785,0.18361,-0.12416,1.89579,3.04635,2.06356,0.04104,1.59490,-0.93563
20260610,ens2,202608,JJA,0.37994,1.76726,1.83855,0.82160,2.28006,2.27449,2.44283,-0.87883,2.36082,0.40561
20260610,ens3,202606,JJA,-0.34324,1.81090,1.81958,3.54516,1.43997,0.63180,3.08601,-0.72657,3.07260,1.98851
20260610,ens3,202607,JJA,-0.30977,-0.52713,1.23994,1.45707,0.62335,1.43065,1.85888,-0.57336,0.72200,-0.09641
20260610,ens3,202608,JJA,-1.11418,-1.37413,0.77015,0.54141,0.20232,0.51517,0.94285,0.06320,0.88691,0.25663
20260610,ens3,202609,SON,-1.73911,-1.30709,-0.06496,-0.37072,-0.30665,-1.49285,-0.25755,0.70174,1.58263,0.23687
20260610,ens3,202610,SON,-2.70692,-1.06616,-0.16157,0.50407,0.47060,-0.58707,-0.28591,2.28730,1.49789,-0.83906
20260610,ens3,202611,SON,-3.05337,-1.42982,0.74146,-0.31975,0.08791,-2.20819,-0.53163,2.36709,2.10263,-0.33693
20260610,ens3,202612,DJF,0.16465,0.59796,-0.53287,0.23888,0.75626,-1.00671,0.66727,-0.68668,-1.22568,0.65717
20260610,ens3,202701,DJF,-0.13023,-0.48021,1.10266,0.06824,0.58386,-0.83207,-0.60062,-1.24196,-1.18931,0.55068
20260610,ens3,202702,DJF,-0.31251,-0.18269,1.25266,0.11527,0.73532,-1.31163,0.86604,-0.80602,-0.94996,0.54125
20260610,ens4,202606,JJA,-1.40596,1.64067,-0.32333,2.65398,2.15593,2.10553,2.79357,1.53883,2.86260,3.11593
20260610,ens4,202607,JJA,-0.50269,-0.38204,0.12365,0.67839,1.14141,0.89962,1.08857,-0.13947,1.63761,0.32772
20260610,ens4,202608,JJA,-1.03870,-0.46143,0.57750,1.72539,1.97282,-0.36778,1.46481,-1.14706,1.50783,1.09945
20260610,ens4,202609,SON,-0.60203,-0.36503,0.49918,-0.92220,-0.50837,-0.40379,-1.00293,-0.48633,-0.36599,-0.87795
20260610,ens4,202610,SON,-1.32005,-1.37770,-0.44987,-1.39247,-0.95889,-0.03078,-2.06242,2.58156,0.68101,-0.28310
20260610,ens4,202611,SON,-1.02808,0.39779,0.60258,-0.40722,0.02484,-0.32070,-0.37120,0.52957,0.79850,-0.11175
20260610,ens4,202612,DJF,-0.00447,-0.07899,0.30837,0.84842,0.56586,-0.60129,-0.03614,-1.12299,-1.39531,0.86554
20260610,ens4,202701,DJF,-1.93495,-1.25160,-1.73466,-1.13624,-0.26703,0.04840,-1.08930,0.83690,-1.08076,0.10141
20260610,ens4,202702,DJF,-2.19355,-1.53766,-1.48282,-0.08934,0.50946,0.10408,0.76804,0.46109,-0.97032,1.08156
20260610,ens5,202606,JJA,-2.45038,1.07301,-1.01374,1.20720,2.39778,1.48070,2.46295,2.08308,1.92831,2.39449
20260610,ens5,202607,JJA,-0.16277,-0.50485,0.88456,-0.14669,1.58392,-0.03722,0.47320,0.36675,0.34045,1.86785
20260610,ens5,202608,JJA,-0.42350,-0.43486,-0.04641,0.60169,2.45894,0.87932,1.15020,-0.31601,0.63879,-1.15254
20260610,ens5,202609,SON,0.21520,0.20120,-0.22898,0.16356,-0.54681,-1.09360,0.02687,0.56702,0.33371,-0.60440
20260610,ens5,202610,SON,-0.21371,0.56286,-0.01098,-0.39592,0.44753,-1.58079,-0.37504,1.01797,0.76339,-0.50430
20260610,ens5,202611,SON,0.33077,0.40967,0.99274,-0.60775,1.17580,0.44197,-1.42820,-1.15791,0.85012,-0.30331
20260610,ens5,202612,DJF,1.09588,-0.60125,-0.12793,-0.60114,-0.58345,0.53284,-0.80851,-0.12161,-0.98159,0.37386
20260610,ens5,202701,DJF,-1.55179,-1.13898,0.19544,0.39500,0.26450,-0.76319,0.34453,-0.62726,-1.84651,0.66338
20260610,ens5,202702,DJF,-0.72896,-0.55673,1.47452,-0.19173,0.43172,0.34568,0.27025,-1.06037,-0.71968,-0.18665
20260615,ens1,202606,JJA,-1.79589,0.14322,-0.66519,0.88375,3.56447,2.07154,1.29293,1.61745,2.44763,1.36403
20260615,ens1,202607,JJA,0.26550,-0.95597,0.03773,0.20290,1.34811,1.22630,0.65505,0.19907,0.77737,-0.71199
20260615,ens1,202608,JJA,-0.70525,0.11433,-0.19454,0.91954,0.05109,0.09153,1.99834,0.75186,0.35078,1.03010
20260615,ens2,202606,JJA,-2.40168,0.29180,-0.31319,1.17947,3.26251,1.50916,1.45351,0.95959,3.16890,1.01166
20260615,ens2,202607,JJA,-0.99356,1.61924,0.38742,1.83787,1.79511,0.39775,2.25706,1.64708,1.06884,-0.62558
20260615,ens2,202608,JJA,-2.69738,-0.10629,-0.39017,0.76503,1.40180,0.14191,1.15309,1.66722,1.06568,-1.39690
20260615,ens3,202606,JJA,-1.48792,-0.20643,-0.28469,2.05723,3.48482,2.01330,2.19081,0.82564,2.63393,1.87226
20260615,ens3,202607,JJA,-0.34401,-0.70961,-0.01775,0.43321,0.71999,0.62950,1.29669,-0.50805,0.96429,0.64783
20260615,ens3,202608,JJA,-0.62764,-0.35843,-0.39818,0.70835,1.59512,-1.33519,2.03474,0.25752,0.85153,0.19496
20260615,ens4,202606,JJA,-0.88415,0.57365,0.11798,2.02396,3.46873,1.09362,1.86819,1.73517,2.35648,1.72899
20260615,ens4,202607,JJA,0.64968,0.50481,0.66180,1.59344,1.51741,0.13255,1.31051,-0.72108,0.59725,-0.12089
20260615,ens4,202608,JJA,-0.09471,-0.34371,0.18548,1.24110,1.63061,0.64475,2.33508,-0.42656,0.06717,-0.35695
20260615,ens5,202606,JJA,-1.63111,-0.06933,-0.31019,1.30712,3.88967,1.91904,1.68830,2.12175,3.07711,1.96220
20260615,ens5,202607,JJA,0.43835,-0.04652,-0.13286,0.52894,1.92829,0.36980,1.55799,-0.05598,1.28299,0.93352
20260615,ens5,202608,JJA,-0.58083,-0.31100,0.27764,0.46191,2.04416,0.76563,1.84886,0.07895,1.93696,0.22338
20260620,ens1,202606,JJA,0.72451,2.11907,1.01053,2.24521,5.02064,2.82282,2.41516,0.62418,2.18178,1.90848
20260620,ens1,202607,JJA,0.69088,-0.03035,0.27159,-0.59983,1.17407,1.46110,0.24438,0.27663,0.02641,-0.22726
20260620,ens1,202608,JJA,-0.99025,0.20991,0.04610,0.44830,1.96621,-0.97762,1.24042,-0.24344,0.73775,-0.34587
20260620,ens1,202609,SON,0.92214,0.76936,-0.57078,-0.47902,-1.67380,0.14961,0.31287,-0.48933,-0.10139,-1.14031
20260620,ens1,202610,SON,-0.97289,0.28811,0.09701,0.57384,0.12557,0.02363,-0.43950,0.14237,0.97043,-0.81200
20260620,ens1,202611,SON,0.30855,-0.70479,0.96547,-1.65274,1.51418,-1.60881,-1.66158,1.78602,-0.72567,-1.01899
20260620,ens1,202612,DJF,-0.54058,-0.82304,-0.19106,-0.76400,0.69073,0.25403,-0.05086,1.40002,0.68938,1.93249
20260620,ens1,202701,DJF,-0.60840,-1.74155,0.18094,-0.50988,0.52740,-0.82932,-2.02009,-0.63371,-1.25798,-0.38441
20260620,ens1,202702,DJF,-0.64906,-1.46213,-0.31969,0.24786,1.99355,-1.23504,-1.10925,-1.02617,-2.21467,1.07713
20260620,ens2,202606,JJA,0.56529,2.11002,0.84306,2.24324,4.99509,3.24222,2.81118,0.41757,2.90430,1.83496
20260620,ens2,202607,JJA,-0.03018,1.47974,0.76488,1.07099,1.31185,0.03276,1.70148,0.27724,0.37077,0.53630
20260620,ens2,202608,JJA,-0.47933,-0.84398,0.26581,1.20877,-0.66808,-1.47873,2.16730,0.11095,0.92993,0.74911
20260620,ens3,202606,JJA,0.96176,2.20342,1.16422,1.56379,4.58949,3.09797,3.03950,1.08143,2.50158,1.91885
20260620,ens3,202607,JJA,-1.44641,-1.37535,-0.43379,0.41996,0.64444,0.10238,1.26083,0.21179,0.60996,0.60580
20260620,ens3,202608,JJA,-0.60195,0.26662,0.79108,2.37616,1.49797,-1.15884,1.96211,0.00158,0.64766,0.80168
20260620,ens4,202606,JJA,0.61021,2.49565,0.80524,1.54368,5.12844,2.83555,3.10640,1.12532,2.52971,1.80559
20260620,ens4,202607,JJA,0.32402,-0.47147,-0.53346,-0.36829,1.50230,-0.08459,0.84415,0.73464,-0.37947,0.50606
20260620,ens4,202608,JJA,-0.61330,-0.06278,0.56645,1.87357,1.94035,-0.49773,2.21012,0.15989,1.25152,-0.53310
20260620,ens5,202606,JJA,0.28242,2.54586,1.00726,1.83211,5.87718,2.98890,2.61420,1.16309,3.13052,1.17141
20260620,ens5,202607,JJA,-1.63335,1.02361,0.85023,2.10322,1.51229,0.34332,0.68916,1.39898,1.26430,-0.34798
20260620,ens5,202608,JJA,-0.63525,-0.99869,-0.30936,1.09859,2.00763,1.51266,1.28304,-0.46417,1.37282,0.85406
20260625,ens1,202606,JJA,-0.00000,0.00000,-0.00000,0.00000,0.00000,-0.00000,0.00000,-0.00000,0.00000,-0.00000
20260625,ens1,202607,JJA,0.20354,0.23018,0.28554,0.04835,0.26032,1.04662,1.56521,0.76773,0.44674,-0.48410
20260625,ens1,202608,JJA,-0.11185,1.19371,1.77242,3.33029,0.14627,-1.44697,2.28172,0.03258,1.69432,0.83479
20260625,ens2,202606,JJA,-0.00000,0.00000,-0.00000,0.00000,0.00000,-0.00000,0.00000,-0.00000,0.00000,-0.00000
20260625,ens2,202607,JJA,-1.13644,-1.00595,-0.93971,-0.48422,2.02692,1.56575,0.56766,0.40624,1.72066,-0.31180
20260625,ens2,202608,JJA,-0.72197,0.89756,0.65457,1.08652,1.81920,2.37505,2.30565,0.73596,1.80386,0.31090
20260625,ens3,202606,JJA,-0.00000,0.00000,-0.00000,0.00000,0.00000,-0.00000,0.00000,-0.00000,0.00000,-0.00000
20260625,ens3,202607,JJA,-0.47566,-0.99531,-0.54310,0.37078,1.81972,1.08637,0.81302,0.72165,0.27146,0.07385
20260625,ens3,202608,JJA,-0.84475,0.04469,0.42229,0.60670,2.46302,-0.61664,1.33019,-0.03779,1.10817,-0.19899
20260625,ens3,202609,SON,-0.12299,0.75171,-0.12668,-0.72085,-0.31200,-0.77806,-2.17804,0.27904,-1.50257,-2.65063
20260625,ens3,202610,SON,-1.00115,-0.36196,-0.75869,-0.03918,-1.44259,-1.00995,-0.15566,1.18732,-0.19910,0.47570
20260625,ens3,202611,SON,0.40394,-1.43024,-1.86451,-2.07065,-1.88340,0.67537,-0.00901,0.02061,1.25170,-1.01496
20260625,ens3,202612,DJF,0.31452,1.21110,1.33923,-0.34486,1.03841,-0.91941,-0.69658,-1.87128,-1.47436,-1.05847
20260625,ens3,202701,DJF,-0.21979,0.28464,0.12801,0.51661,-0.76687,-0.61040,-0.02744,0.09320,-0.91329,0.24031
20260625,ens3,202702,DJF,-0.59536,-0.60153,-0.04061,-0.28524,0.85754,0.70432,-0.47655,-0.24975,-1.87248,0.26617
20260625,ens4,202606,JJA,-0.00000,0.00000,-0.00000,0.00000,0.00000,-0.00000,0.00000,-0.00000,0.00000,-0.00000
20260625,ens4,202607,JJA,-1.31785,-0.25911,-0.54380,0.03908,2.10618,1.33653,1.52961,1.52462,0.24062,0.49229
20260625,ens4,202608,JJA,-1.38578,0.09892,-0.12793,0.53800,1.78851,1.91902,1.53399,0.73400,1.65734,0.76363
20260625,ens5,202606,JJA,-0.00000,0.00000,-0.00000,0.00000,0.00000,-0.00000,0.00000,-0.00000,0.00000,-0.00000
20260625,ens5,202607,JJA,-1.45828,-2.50655,-1.24288,-0.29351,2.05956,0.48570,0.41487,-0.16800,0.51099,0.57754
20260625,ens5,202608,JJA,-0.67596,0.78319,0.31327,0.19858,0.92732,0.85692,1.58862,-0.19533,1.57320,0.02031
20260625,ens5,202609,SON,-0.30844,0.26641,0.59729,0.40580,-0.61846,0.97299,-0.61461,0.06973,0.56544,-1.74508
20260625,ens5,202610,SON,-1.45626,-0.55752,-0.38468,-0.04810,-1.32641,0.76463,-1.05281,1.34421,1.07870,-0.84635
20260625,ens5,202611,SON,-0.85556,0.20812,-1.24048,-2.17703,-1.26653,1.07947,-0.55556,-0.39014,-1.08464,-1.78148
20260625,ens5,202612,DJF,-0.85240,-0.01767,-1.01289,0.00763,0.07384,-0.67072,0.81380,0.99604,-0.31110,0.69295
20260625,ens5,202701,DJF,-0.89769,0.91824,-0.01740,-0.90780,1.70974,0.29265,0.09350,0.19194,-1.26969,0.70224
20260625,ens5,202702,DJF,-0.69940,-0.08161,0.21795,0.87989,1.03028,0.93005,0.00652,0.41317,-0.01796,0.43880
20260630,ens1,202606,JJA,-0.00000,0.00000,-0.00000,0.00000,0.00000,-0.00000,0.00000,-0.00000,0.00000,-0.00000
20260630,ens1,202607,JJA,0.43301,0.15290,0.23960,1.09459,2.49754,-0.39280,0.60921,0.53596,0.90734,-0.63498
20260630,ens1,202608,JJA,-0.83003,-0.53909,0.33988,0.55799,2.63116,0.31538,0.69495,0.71265,1.29423,0.32137
20260630,ens10,202606,JJA,-0.00000,0.00000,-0.00000,0.00000,0.00000,-0.00000,0.00000,-0.00000,0.00000,-0.00000
20260630,ens10,202607,JJA,0.09567,1.18337,1.23245,1.15342,1.90164,-0.61562,0.29461,0.13704,0.93856,-0.21296
20260630,ens10,202608,JJA,-1.12873,-0.88795,-0.55771,-0.12185,2.36405,0.61473,0.81215,0.17518,0.82270,0.08654
20260630,ens11,202606,JJA,-0.00000,0.00000,-0.00000,0.00000,0.00000,-0.00000,0.00000,-0.00000,0.00000,-0.00000
20260630,ens11,202607,JJA,0.39785,1.37357,0.92305,1.49057,1.40367,0.34823,1.22277,0.15201,1.19930,-0.67119
20260630,ens11,202608,JJA,-0.83470,-0.01891,1.74948,1.15421,0.20298,0.24014,1.26598,-1.33240,0.95638,0.62179
20260630,ens12,202606,JJA,-0.00000,0.00000,-0.00000,0.00000,0.00000,-0.00000,0.00000,-0.00000,0.00000,-0.00000
20260630,ens12,202607,JJA,-0.44490,-0.21266,-0.24005,1.46675,1.73692,-1.15568,0.92392,0.55961,0.17886,-0.60733
20260630,ens12,202608,JJA,-0.31960,-0.29610,0.41333,0.93732,2.20606,-0.39553,1.13987,0.66376,1.65727,-0.40117
20260630,ens13,202606,JJA,-0.00000,0.00000,-0.00000,0.00000,0.00000,-0.00000,0.00000,-0.00000,0.00000,-0.00000
20260630,ens13,202607,JJA,0.30837,0.88163,-0.10639,1.60781,1.30774,0.32344,1.47396,1.34611,0.49041,0.10670
20260630,ens13,202608,JJA,-0.79117,-1.16236,0.09114,0.56968,0.55612,-0.95621,2.13282,0.66492,-0.02607,0.39009
20260630,ens14,202606,JJA,-0.00000,0.00000,-0.00000,0.00000,0.00000,-0.00000,0.00000,-0.00000,0.00000,-0.00000
20260630,ens14,202607,JJA,-0.01056,1.64557,1.13443,1.32394,2.31899,-0.30842,1.17025,0.58812,1.32227,-1.15552
20260630,ens14,202608,JJA,-0.79403,-0.07030,0.05315,-0.37215,1.92704,1.63059,1.32305,-0.09718,1.72004,-1.33705
20260630,ens15,202606,JJA,-0.00000,0.00000,-0.00000,0.00000,0.00000,-0.00000,0.00000,-0.00000,0.00000,-0.00000
20260630,ens15,202607,JJA,-0.15784,0.40037,-0.01416,1.49126,0.71295,-1.04437,0.99228,1.00276,0.81843,-0.23737
20260630,ens15,202608,JJA,0.10928,0.71152,1.17449,0.43561,1.32021,0.04852,1.05162,0.08757,0.72114,-1.51813
20260630,ens2,202606,JJA,-0.00000,0.00000,-0.00000,0.00000,0.00000,-0.00000,0.00000,-0.00000,0.00000,-0.00000
20260630,ens2,202607,JJA,-0.98005,-0.74505,-1.07417,0.25707,1.15188,0.44714,0.27882,1.95368,0.35791,0.13877
20260630,ens2,202608,JJA,-0.22711,-0.12035,0.68392,-0.36569,0.13467,-0.52742,1.89535,-1.52702,1.03050,0.93618
20260630,ens3,202606,JJA,-0.00000,0.00000,-0.00000,0.00000,0.00000,-0.00000,0.00000,-0.00000,0.00000,-0.00000
20260630,ens3,202607,JJA,-0.17439,-1.13543,-0.83123,0.71852,2.14664,0.29920,0.40223,1.16865,0.94207,0.99171
20260630,ens3,202608,JJA,-0.95574,-0.03477,0.85028,0.44803,1.60950,1.14352,1.44343,0.48180,0.97941,0.78178
20260630,ens4,202606,JJA,-0.00000,0.00000,-0.00000,0.00000,0.00000,-0.00000,0.00000,-0.00000,0.00000,-0.00000
20260630,ens4,202607,JJA,0.49037,0.22344,0.09163,0.71235,1.96023,0.89064,0.91027,-0.04432,2.17943,-0.56688
20260630,ens4,202608,JJA,-0.69831,0.89593,1.15026,0.27010,0.45041,0.81123,2.06404,-0.30933,1.50365,-0.03577
20260630,ens4,202609,SON,-0.12556,1.27020,-0.53851,0.38573,-0.63898,0.16053,-0.30959,-0.88610,0.31747,-0.61241
20260630,ens4,202610,SON,0.25868,0.66548,0.09343,-0.76644,0.07609,0.07617,0.50546,-0.64663,-0.01915,-1.22755
20260630,ens4,202611,SON,-0.25502,-1.29711,0.49412,-0.70656,-0.02183,-0.90099,-0.51217,0.91465,0.73982,-1.39815
20260630,ens4,202612,DJF,-0.15371,0.83269,-0.31513,-2.15742,0.52771,0.82136,-0.71599,0.34128,-0.78900,-1.52209
20260630,ens4,202701,DJF,-0.19373,0.44187,-0.47002,-0.67737,0.83699,0.43897,-0.67963,-0.78536,-1.55379,0.41245
20260630,ens4,202702,DJF,0.75598,0.31867,0.37302,0.08525,-1.07134,0.25390,-1.15643,0.13075,-2.23370,-0.98754
20260630,ens5,202606,JJA,-0.00000,0.00000,-0.00000,0.00000,0.00000,-0.00000,0.00000,-0.00000,0.00000,-0.00000
20260630,ens5,202607,JJA,0.62764,1.05882,1.72072,0.98353,1.79674,0.19667,1.08365,-0.12094,1.14203,0.46755
20260630,ens5,202608,JJA,-0.51333,-0.45182,-1.16220,0.83989,1.22916,-0.09818,2.32165,0.29367,0.79466,-0.22667
20260630,ens6,202606,JJA,-0.00000,0.00000,-0.00000,0.00000,0.00000,-0.00000,0.00000,-0.00000,0.00000,-0.00000
20260630,ens6,202607,JJA,0.54751,0.71606,0.09591,1.43006,2.22152,-0.53077,0.84786,0.84418,0.35766,-0.22987
20260630,ens6,202608,JJA,0.16283,-0.15368,0.28653,0.02589,2.22200,-1.24517,0.94682,0.01790,0.67195,1.89343
20260630,ens6,202609,SON,-0.60147,0.42825,-0.35844,0.20988,-0.16360,0.59859,-2.24271,1.10713,0.75540,-0.52107
20260630,ens6,202610,SON,-0.66212,-0.43760,0.44693,-1.22471,-0.54221,0.49479,-0.58253,0.62227,-0.84841,-1.70962
20260630,ens6,202611,SON,-1.11695,-0.05880,-1.12365,-0.54348,-0.63771,0.92399,-2.87817,-0.31475,-0.91524,-0.05995
20260630,ens6,202612,DJF,0.31647,1.74834,-0.13148,-1.55081,-0.11785,0.61435,-1.27002,-0.27773,-1.35353,-1.03492
20260630,ens6,202701,DJF,-0.39671,0.68614,-0.61108,-2.16762,0.86709,1.00820,-0.38513,-0.60058,-1.19363,-0.88824
20260630,ens6,202702,DJF,0.85502,0.95413,1.47269,-2.14853,0.30852,0.93149,-1.10952,-0.44615,-2.30014,-2.43045
20260630,ens7,202606,JJA,-0.00000,0.00000,-0.00000,0.00000,0.00000,-0.00000,0.00000,-0.00000,0.00000,-0.00000
20260630,ens7,202607,JJA,-0.58053,1.09274,0.00101,1.40434,1.18215,0.42842,0.47407,1.77399,0.40585,0.47994
20260630,ens7,202608,JJA,-0.90669,-0.19314,0.14465,0.78969,1.47869,1.55223,0.61112,0.44448,1.82336,0.90667
20260630,ens8,202606,JJA,-0.00000,0.00000,-0.00000,0.00000,0.00000,-0.00000,0.00000,-0.00000,0.00000,-0.00000
20260630,ens8,202607,JJA,0.14805,-0.07501,0.13955,0.87099,1.52630,-0.99649,0.99028,0.44684,1.39636,-0.27373
20260630,ens8,202608,JJA,0.65936,0.76909,0.99185,1.22725,2.82786,1.58514,1.15576,-1.28310,1.44028,-0.10876
20260630,ens9,202606,JJA,-0.00000,0.00000,-0.00000,0.00000,0.00000,-0.00000,0.00000,-0.00000,0.00000,-0.00000
20260630,ens9,202607,JJA,0.90192,0.39536,0.49594,1.20016,2.09612,0.31521,0.82431,-0.35156,1.21093,-0.55605
20260630,ens9,202608,JJA,-1.50361,0.34576,0.53347,1.20582,1.01104,0.90502,2.02226,0.96692,1.22641,-0.75899
