init,member,verifying,REOF1,REOF2,REOF3,REOF4,REOF5,REOF6,REOF7,REOF8,REOF9,REOF10
1991-jun15,ens1,199107,0.62340,2.28774,0.21284,-0.04187,0.47179,-0.16459,1.71588,-0.89117,-0.29201,0.39144
1991-jun20,ens1,199107,1.24809,0.32705,0.43547,-0.14991,1.17628,-1.75193,-0.54775,0.44522,0.20385,0.40892
1991-jun25,ens1,199107,0.40165,0.51327,-1.21361,-0.92977,0.26653,-0.57758,-0.97034,1.17507,-0.69952,0.48623
1991-jun30,ens1,199107,0.39798,0.12520,0.24142,-2.18021,1.73957,0.10371,-0.32553,1.72750,-1.39910,0.81785
1991-jul15,ens1,199108,1.34207,0.66151,-0.12157,-2.41278,-1.41336,-0.80133,0.12538,0.61601,-1.22881,1.87935
1991-jul20,ens1,199108,0.18490,0.36380,0.46004,-1.48270,-1.65017,-1.81483,-0.37770,-1.42545,-0.68995,-0.50860
1991-jul25,ens1,199108,0.33830,0.20291,-0.22014,-0.75614,-1.55447,-0.63859,-1.53796,-1.88927,-1.23181,-0.83957
1991-jul30,ens1,199108,0.38247,0.63302,1.99739,-1.08481,-0.21140,-1.37666,-0.04090,0.01788,0.23614,-1.95958
1991-aug14,ens1,199109,0.47419,0.76817,-1.47697,-2.79411,-1.17449,1.46168,0.50749,-0.82273,-3.78352,1.26620
1991-aug19,ens1,199109,0.22755,0.76792,-0.47432,-1.64493,-1.14583,-0.19279,0.06579,0.08376,-1.37885,-0.17761
1991-aug24,ens1,199109,0.98267,1.05501,0.39923,-0.41484,-0.47728,-2.20767,0.65976,-0.94489,-0.50150,-0.46939
1991-aug29,ens1,199109,1.13518,0.77988,-0.53293,-1.22336,-0.48419,0.77527,0.42712,-1.55347,-1.23233,0.20002
1992-jun15,ens1,199207,0.76121,1.34262,0.33520,-2.88217,-1.13135,-1.10414,0.13195,-0.13527,-0.91848,0.47503
1992-jun20,ens1,199207,1.36537,2.35868,0.63198,-1.12544,-1.75132,-0.18201,0.50547,0.32882,-0.90523,2.30312
1992-jun25,ens1,199207,1.90095,1.57599,0.65004,-1.15473,-1.38247,0.37141,0.50880,0.33659,-0.95277,1.18038
1992-jun30,ens1,199207,1.95158,1.85615,1.25012,-1.51045,-0.96614,0.90990,-0.99927,1.37384,0.19307,0.70205
1992-jul15,ens1,199208,0.90019,1.97171,1.45975,-1.23407,-0.86945,-1.01245,1.40882,-0.22130,0.53498,1.01095
1992-jul20,ens1,199208,1.56627,0.53821,0.02367,-1.63573,-1.84434,-1.54784,1.88578,0.59920,-1.22324,-0.62050
1992-jul25,ens1,199208,1.66676,0.51792,0.23694,-2.24489,-1.60576,-1.13229,1.13430,1.15722,-0.01440,-0.34685
1992-jul30,ens1,199208,1.75961,0.12058,-0.29389,-2.03106,-2.39583,-1.64506,-1.71600,0.24005,-0.86888,0.36440
1992-aug14,ens1,199209,0.34466,1.76168,0.33686,-2.96567,-2.17980,0.50749,-0.93014,-0.24935,-0.63531,1.88628
1992-aug19,ens1,199209,1.01281,2.99746,-1.01818,-0.79965,-2.72008,1.99403,-4.27322,0.22637,1.09903,3.34514
1992-aug24,ens1,199209,0.86896,0.92991,-0.22962,-0.72979,-3.01763,-0.76245,-1.14692,-0.58623,-0.98498,-1.15088
1992-aug29,ens1,199209,1.38240,0.64792,-0.37468,-2.07805,-1.39709,-0.62497,-1.38440,-1.43892,-1.65671,-0.49569
1993-jun15,ens1,199307,0.35461,1.90093,-0.35097,-1.06839,-1.87530,0.02949,-1.17154,0.21284,-1.01196,0.59063
1993-jun20,ens1,199307,0.85603,0.80918,0.31004,-0.82377,-1.50978,0.67073,-2.15270,0.09485,-1.28548,0.07617
1993-jun25,ens1,199307,0.92158,0.96395,0.08192,-1.89563,-1.00875,-0.90103,0.78531,-0.62938,-0.90335,0.24330
1993-jun30,ens1,199307,1.63814,0.95960,-0.02076,-1.15256,-0.41756,-1.08628,-0.86264,-0.09836,0.19208,0.09857
1993-jul15,ens1,199308,1.29013,1.40287,0.94582,-1.57197,-1.12846,0.45102,-1.81977,-0.84661,-1.46741,0.46010
1993-jul20,ens1,199308,1.54527,0.32069,-0.98810,-1.87723,-0.48136,-0.37828,-2.62544,-0.13841,-0.19199,0.59736
1993-jul25,ens1,199308,-0.50470,2.10631,-0.05183,-1.57717,-1.28602,-0.64698,-1.01146,-1.96759,-1.00401,0.92890
1993-jul30,ens1,199308,1.11377,1.03390,0.31370,-0.19625,-1.49700,-0.91456,-0.73484,-2.16618,-0.50674,0.24241
1993-aug14,ens1,199309,-0.43861,1.34821,0.48989,-2.32367,0.84711,-1.34199,-0.65908,0.42879,-1.25888,-0.87764
1993-aug19,ens1,199309,0.70404,0.65071,0.64137,-1.86834,-3.09783,-1.53471,-1.10185,-1.09696,0.73247,-0.36155
1993-aug24,ens1,199309,-0.09845,1.18677,1.09188,-2.14518,-2.06545,-0.40565,-1.54157,0.11772,0.97199,0.47504
1993-aug29,ens1,199309,0.28412,1.77991,1.10461,-0.50343,-1.24106,0.00658,-2.35746,0.97709,0.12040,0.37402
1994-jun15,ens1,199407,0.88136,0.16288,0.44831,-0.27892,-2.72003,-0.10134,-0.72570,0.93886,-0.03952,0.57151
1994-jun20,ens1,199407,0.93977,1.04651,0.14315,-0.06387,-2.01765,-0.68307,-1.45041,0.60670,0.34296,0.63558
1994-jun25,ens1,199407,-0.41306,1.09480,1.67215,0.19394,-0.54327,-0.99549,-0.66179,-0.53881,0.12308,-0.78752
1994-jun30,ens1,199407,-0.38478,1.24251,0.08339,0.25966,0.06352,0.19413,-0.76178,0.20012,-0.44123,0.41501
1994-jul15,ens1,199408,0.06630,0.81589,0.71011,-1.50854,-1.95512,0.40022,1.58361,-0.74005,0.59723,0.84685
1994-jul20,ens1,199408,1.25712,1.53059,0.51732,-0.61746,-1.73596,0.91608,-0.71136,-0.96335,0.12614,0.91908
1994-jul25,ens1,199408,0.17629,1.59049,0.61146,0.40015,-0.38733,0.32422,-0.49962,-0.46702,-0.29797,0.97530
1994-jul30,ens1,199408,-0.94633,1.70728,0.02015,-0.54329,-2.02063,-0.23374,-0.10069,-2.17622,-0.76311,2.60341
1994-aug14,ens1,199409,0.50801,0.24146,0.51902,-2.29098,-0.01319,-0.96571,1.24707,-0.57915,1.34676,-0.02280
1994-aug19,ens1,199409,1.64959,0.14662,0.12569,0.72627,-0.73573,-1.20743,0.16215,0.37403,-0.53225,-0.45260
1994-aug24,ens1,199409,-0.56509,0.96682,0.87882,0.66602,-0.94709,-0.04080,-1.48625,-0.70829,0.51064,1.03885
1994-aug29,ens1,199409,0.30504,0.20605,0.88369,-0.80803,-2.10104,-2.18623,-1.13538,-1.54155,0.22584,-0.33352
1995-jun15,ens1,199507,-0.05510,0.10876,0.63193,-1.04210,-0.12258,0.07771,0.57733,0.02471,-0.07995,0.83209
1995-jun20,ens1,199507,-0.12319,0.32732,0.23885,-2.27165,0.57117,-0.97536,1.22798,0.53245,-1.77748,-0.07077
1995-jun25,ens1,199507,1.74987,0.21246,-1.04303,-2.55356,-0.85611,-0.51077,0.03162,-1.18397,-0.11743,-0.09997
1995-jun30,ens1,199507,1.26861,0.55073,0.23978,-0.76395,-0.60973,0.66420,-0.61158,-0.33795,-0.03839,0.60168
1995-jul15,ens1,199508,0.32662,0.79352,1.43392,0.10463,-0.95755,0.07755,1.98888,-0.47651,0.10933,0.50579
1995-jul20,ens1,199508,0.79263,-0.17654,0.79969,-0.87354,-0.90867,-0.18024,1.28056,-0.30801,0.25303,0.40839
1995-jul25,ens1,199508,-0.36621,1.22334,1.39122,-0.41393,-0.76113,0.29693,1.93508,0.49650,0.02774,0.87369
1995-jul30,ens1,199508,-0.69948,0.38149,1.60906,-0.24580,1.00570,-0.79446,1.37955,-0.05356,-0.95225,-0.30168
1995-aug14,ens1,199509,-0.27069,0.58437,0.70169,-0.15994,0.65864,-0.33162,0.75315,-0.08576,-0.34457,-0.18536
1995-aug19,ens1,199509,-0.36873,1.00533,2.19053,1.10591,-1.14636,0.79362,0.58012,-0.89148,2.88738,1.70427
1995-aug24,ens1,199509,-0.80828,0.55846,0.64032,0.62508,1.39975,-0.33260,-1.45222,-0.42190,-0.65615,-0.51918
1995-aug29,ens1,199509,0.48542,0.89258,-0.50603,-0.26554,0.69070,1.60047,-0.87291,-1.21043,-0.07580,1.25133
1996-jun15,ens1,199607,1.01190,0.91717,-1.41683,-1.25510,-0.93241,0.42986,-1.25377,-0.12951,-1.39086,-0.35203
1996-jun20,ens1,199607,-0.48359,0.20351,1.02374,-0.56832,-0.10786,-0.70975,-0.30812,0.30828,-0.12244,0.01897
1996-jun25,ens1,199607,1.56374,0.28185,1.04287,-1.08324,-1.08846,-0.20576,0.32236,-0.21487,0.02597,-0.05735
1996-jun30,ens1,199607,1.00825,-0.19333,-1.00880,-0.98689,-0.99901,-0.31093,-0.57749,0.38888,-0.46386,-0.17455
1996-jul15,ens1,199608,0.61841,0.43017,0.33675,-1.09449,-0.78629,-2.90835,0.08496,-0.22522,-0.01741,-0.56546
1996-jul20,ens1,199608,1.34854,1.26405,0.66122,-0.33662,-0.84000,-0.81476,0.34894,-1.16455,0.20604,-0.56842
1996-jul25,ens1,199608,-0.04745,0.47369,0.44403,-0.78601,-0.64153,-1.61359,-1.13133,-0.76871,0.97899,0.08580
1996-jul30,ens1,199608,1.51664,1.01257,1.04811,0.17709,-0.52238,-0.93605,-0.16063,-0.28914,-0.73936,-1.59479
1996-aug14,ens1,199609,0.67327,0.91268,0.02270,-1.23844,-0.69813,-0.85682,-1.43334,0.09076,1.04358,1.28667
1996-aug19,ens1,199609,-0.28003,2.32289,0.66883,0.05803,0.80499,-0.87077,-0.02880,-0.89661,-0.70015,0.88570
1996-aug24,ens1,199609,-0.09721,2.79442,-1.23180,-1.43144,0.60969,1.03127,0.10731,-0.94087,-3.37703,1.54411
1996-aug29,ens1,199609,-1.11285,1.54878,0.62103,-2.36269,-1.72611,0.80691,0.21206,-1.63190,0.99812,1.55111
1997-jun15,ens1,199707,0.81758,0.50728,-0.13646,-0.77268,1.11672,-0.70865,-1.58393,-0.68010,-0.70145,0.49746
1997-jun20,ens1,199707,1.16895,1.38490,-0.21010,-0.36442,-0.11751,0.52059,0.15500,-0.32395,0.01456,0.54872
1997-jun25,ens1,199707,0.89983,1.84178,-0.36640,-1.12204,0.53255,0.53504,0.65938,-0.41233,-0.09479,0.62189
1997-jun30,ens1,199707,0.54204,1.01527,0.36308,-0.80489,-0.47557,2.14653,1.08366,-0.90396,-1.09027,0.99657
1997-jul15,ens1,199708,0.92289,0.03112,-1.70317,-1.88313,-1.09624,0.33135,-1.39067,-0.58037,-1.73167,0.73393
1997-jul20,ens1,199708,0.15019,-0.28642,0.78046,-1.53169,-1.06478,-0.86141,1.55946,0.83342,0.48141,0.11566
1997-jul25,ens1,199708,-0.62844,0.55130,1.34070,-0.65071,0.47915,-0.83890,-0.15212,-0.38417,0.41375,-0.14225
1997-jul30,ens1,199708,-0.32481,0.81107,-0.58592,-0.05031,-1.86575,-0.52854,0.25584,-0.78028,-0.14102,0.41459
1997-aug14,ens1,199709,1.08455,0.16352,-0.97491,-0.84295,0.12856,-1.02953,-1.53180,-0.76995,-3.28238,0.84709
1997-aug19,ens1,199709,0.85110,0.99879,0.21501,-1.36026,0.19116,1.00748,1.02176,0.48337,-1.50972,0.55484
1997-aug24,ens1,199709,0.13068,0.11278,-2.84284,-1.77762,-1.72401,-0.72357,-2.58126,-0.80911,-2.76133,1.02910
1997-aug29,ens1,199709,-0.21305,0.42716,-1.44908,-1.57493,0.17689,-0.46545,-3.64183,0.69524,-2.42046,-1.67330
1998-jun15,ens1,199807,-0.37296,-0.66543,0.92967,-0.02509,0.49810,1.06005,-0.75710,-0.52674,0.06813,-0.04740
1998-jun20,ens1,199807,0.70444,0.06668,0.05296,1.33700,0.15824,-0.02576,-1.37525,-0.37819,1.55868,-0.60853
1998-jun25,ens1,199807,0.06934,-1.37749,0.73070,1.01512,-0.08318,0.89726,0.43129,-0.65390,-0.06526,-0.65286
1998-jun30,ens1,199807,0.71511,-0.73939,-0.61127,0.60041,-0.47363,0.84332,-0.19776,0.14937,-0.04274,-0.58895
1998-jul15,ens1,199808,0.18218,-0.12436,0.34746,0.53509,1.78106,-1.01064,-1.97149,0.48124,0.51641,-1.27459
1998-jul20,ens1,199808,0.53048,-0.02815,-1.60764,0.74640,0.33726,-0.68810,-1.04468,0.44610,0.72694,0.32847
1998-jul25,ens1,199808,0.47078,0.64452,-0.47857,1.02571,0.37873,-0.36665,-0.37327,-0.10312,0.29228,-1.16567
1998-jul30,ens1,199808,-0.32206,-0.03316,-0.22472,0.10518,0.54148,1.63536,0.37825,-0.36797,0.03344,-0.87921
1998-aug14,ens1,199809,-0.14777,-0.36111,-0.04185,-0.27019,-0.94694,1.04374,0.73906,-1.24150,0.74377,-0.48399
1998-aug19,ens1,199809,-0.77730,-0.70752,0.22409,0.36283,-0.34604,-0.16161,-0.52241,-0.67471,0.02841,0.18560
1998-aug24,ens1,199809,0.18292,-0.64160,0.28782,0.10430,-0.37218,1.44250,-0.36105,0.88875,-2.08345,-0.19126
1998-aug29,ens1,199809,-0.58172,1.35709,-1.18011,1.11483,1.75560,1.78942,-2.05255,1.16619,-1.07093,-0.05179
1999-jun15,ens1,199907,1.26823,0.48624,0.33208,-1.47600,-1.31160,-0.16867,2.67225,-0.93872,0.69296,0.72693
1999-jun20,ens1,199907,1.05624,0.08318,-0.55224,-0.44662,-1.12005,0.05059,0.29608,-0.01141,1.12561,0.14462
1999-jun25,ens1,199907,0.70330,0.99068,0.09169,0.82865,-0.17844,-0.75511,-0.12960,0.50907,-0.03948,-0.47678
1999-jun30,ens1,199907,0.05435,0.54977,-0.56872,0.10123,-0.52857,-1.51436,1.50035,1.59580,1.19164,-0.60455
1999-jul15,ens1,199908,0.31288,0.60588,0.23659,-0.64576,0.01300,-0.44507,-1.49047,-0.46834,-0.10150,0.12527
1999-jul20,ens1,199908,-0.04089,0.07703,0.70888,-0.24134,-0.71807,1.35675,1.41125,0.20874,-0.48713,0.64271
1999-jul25,ens1,199908,-0.06748,1.85685,-0.21006,0.91619,-0.39296,0.95570,0.71903,0.49788,-0.64035,0.87465
1999-jul30,ens1,199908,-0.15470,0.60687,0.46230,0.23551,0.37615,-0.89079,0.68331,1.27233,0.42824,1.23099
1999-aug14,ens1,199909,0.65761,1.23807,0.15345,0.18777,0.30489,-0.01642,0.57850,-1.17952,0.13275,-0.25447
1999-aug19,ens1,199909,2.08903,0.41099,-0.67308,0.21944,1.70116,-0.13031,-1.67038,2.21265,0.63384,-0.54221
1999-aug24,ens1,199909,1.06868,0.50133,0.83075,-0.21652,-0.06995,0.39815,0.20480,0.22164,-1.10835,-2.17339
1999-aug29,ens1,199909,0.63841,1.32931,-0.30443,0.62308,0.52190,0.16659,-1.19370,-1.02035,-1.29399,-0.31315
2000-jun15,ens1,200007,-0.54823,0.48352,1.79787,0.27383,1.41362,-2.04250,1.02333,1.10456,-0.00261,0.01920
2000-jun20,ens1,200007,-0.60076,1.16539,-0.65332,0.52363,0.20924,-0.35062,0.06777,1.17338,1.18357,0.94939
2000-jun25,ens1,200007,1.11742,-0.12761,-0.09654,-0.77992,0.79428,-1.59321,-0.14990,0.08303,-0.29744,-0.40224
2000-jun30,ens1,200007,1.30391,0.76547,0.30578,0.33041,0.67600,-3.19899,-1.87098,0.29427,0.36538,-1.19730
2000-jul15,ens1,200008,-0.22823,0.72363,0.40809,-0.67650,-0.40125,-2.50539,0.43715,-1.55738,-0.48550,-0.45320
2000-jul20,ens1,200008,0.25497,0.82371,-0.20406,0.20370,-1.44535,-0.79004,-0.32434,0.27353,-0.06540,1.69642
2000-jul25,ens1,200008,1.54959,1.48369,0.52894,0.44722,1.28271,-0.59649,0.30506,0.35726,0.23332,-0.26149
2000-jul30,ens1,200008,1.60855,0.70663,-0.23031,0.50766,-0.69607,-1.42723,0.47406,-0.52633,0.92897,-1.25047
2000-aug14,ens1,200009,0.90459,1.27071,1.05138,0.67364,0.60512,-1.31729,0.13269,0.07532,1.50697,-0.47641
2000-aug19,ens1,200009,1.28710,-0.06967,-0.46845,-0.07383,-1.37868,-2.03674,-0.19019,-0.34862,0.93842,1.12702
2000-aug24,ens1,200009,-1.19743,1.45500,1.70816,-0.59148,-0.22650,-0.02210,0.72286,-0.33209,1.49778,0.52094
2000-aug29,ens1,200009,0.74428,1.33015,-0.17957,1.13534,-0.74810,-0.81611,0.06024,-0.09707,0.92860,1.24215
2001-jun15,ens1,200107,-0.41608,0.52257,0.17344,-0.42843,0.07092,0.21282,-0.29005,0.03246,-0.58834,0.18655
2001-jun20,ens1,200107,-0.25166,-0.48507,0.04568,-0.16975,-1.58411,-0.06212,-1.23826,-1.16974,0.43544,0.26269
2001-jun25,ens1,200107,0.65252,0.08152,0.06147,-0.67658,-0.21630,-0.55863,0.56762,0.37052,-0.11293,-0.23994
2001-jun30,ens1,200107,-1.02972,-0.06660,-0.45090,-0.27498,-0.85913,-1.25363,-1.15909,-0.65381,-0.30420,1.23455
2001-jul15,ens1,200108,0.48877,0.60266,0.17821,1.57869,0.48492,-0.73281,-1.40263,-0.13261,0.32749,-0.22927
2001-jul20,ens1,200108,1.08751,-0.05275,-1.00142,0.61518,0.36619,0.08712,-0.90500,-0.25322,0.74184,0.18452
2001-jul25,ens1,200108,0.43498,-0.44374,0.98785,0.14711,0.86881,0.57824,-0.42930,-1.09031,-1.26240,-1.55473
2001-jul30,ens1,200108,0.24393,-0.43088,-0.13974,0.65870,0.08836,-0.99942,-0.76271,0.08762,0.88872,-1.23696
2001-aug14,ens1,200109,-0.88140,1.22169,1.36086,0.38048,-0.36400,0.46755,0.03316,-0.76654,0.79573,-0.82889
2001-aug19,ens1,200109,0.92701,0.67757,-2.17732,-0.16899,-0.36201,-0.21647,-1.22470,-0.42635,-0.81217,-0.23023
2001-aug24,ens1,200109,0.32664,1.45155,0.58650,0.48799,-0.38889,0.94161,-0.31074,-0.38690,-0.11188,1.31572
2001-aug29,ens1,200109,0.35415,0.05879,2.41857,0.21440,0.84784,0.52336,1.04394,0.42374,0.27782,-1.20107
2002-jun15,ens1,200207,-0.04618,-0.32939,-0.12615,-0.62262,0.88242,-0.16455,0.81163,-0.64954,0.43205,0.87806
2002-jun20,ens1,200207,0.47450,0.15275,-1.28917,-0.80468,-1.07455,0.93387,0.48259,-0.62151,-0.85792,1.15529
2002-jun25,ens1,200207,-0.07027,-1.05211,0.21556,-0.13850,0.46221,-2.22556,0.93395,0.82947,-0.23111,-0.22107
2002-jun30,ens1,200207,-0.25717,-0.67772,-0.91903,0.01331,-0.08734,-2.38590,-1.09330,0.18540,0.58093,-1.35925
2002-jul15,ens1,200208,-1.26556,0.83586,-0.18029,-0.00417,0.61018,-0.34603,0.31123,0.25921,-0.14206,0.81718
2002-jul20,ens1,200208,-0.89362,0.52509,-0.10110,-0.99373,-1.23495,-0.20493,-1.26390,-0.24053,-0.19558,0.23982
2002-jul25,ens1,200208,-0.67737,-0.27014,-0.75594,-1.11976,-0.18660,-0.53006,-0.14336,2.06971,-0.37417,0.86142
2002-jul30,ens1,200208,0.43778,-0.02530,0.08723,-0.91955,-0.67435,1.02696,0.56544,0.68305,0.65257,-0.40642
2002-aug14,ens1,200209,1.09474,-0.69688,0.64550,-1.21814,-1.22881,0.25809,-1.56166,2.43822,2.01315,0.66311
2002-aug19,ens1,200209,0.08915,0.43147,-0.05631,-0.58070,1.95574,-0.49049,2.11483,1.38989,-1.19847,-0.18678
2002-aug24,ens1,200209,-0.42538,1.12813,1.16981,-0.06524,0.27977,0.10587,1.36999,0.51264,0.30699,0.36566
2002-aug29,ens1,200209,0.51405,0.75094,-0.20103,0.95289,0.32905,-0.83341,2.17329,1.26308,-0.19617,0.05171
2003-jun15,ens1,200307,0.87295,1.14946,-0.44426,1.98547,0.66435,-1.76417,-1.53352,0.02011,0.68787,-0.01677
2003-jun20,ens1,200307,-0.08160,-0.16711,0.43737,0.93523,0.57089,-1.83219,0.27620,0.21648,0.87498,-1.22770
2003-jun25,ens1,200307,-0.49183,0.03131,-0.22307,0.06574,-1.78684,-0.51818,-0.65233,-0.49622,-0.64039,0.33096
2003-jun30,ens1,200307,0.03991,0.20392,-0.15418,0.28708,0.06603,-0.75268,0.32850,-0.61700,-0.07656,0.32938
2003-jul15,ens1,200308,-0.32523,-0.02005,0.64061,-0.47057,0.39883,-0.41244,0.12381,-0.36816,0.22914,-0.99503
2003-jul20,ens1,200308,0.53325,-0.39227,0.47693,1.66455,1.31618,-1.45653,-1.36851,-1.55451,-0.01421,-1.85605
2003-jul25,ens1,200308,-0.91682,-0.98566,-0.41162,-2.45635,-0.68155,2.47599,1.41341,-0.52192,-1.46242,1.19409
2003-jul30,ens1,200308,-1.14420,0.85533,-0.66138,0.19762,0.12784,0.33092,0.27681,-1.13430,-0.30829,1.26734
2003-aug14,ens1,200309,-0.35994,-1.39760,-0.79550,0.79907,0.93988,-0.05519,0.17204,1.69629,-0.63862,-0.38787
2003-aug19,ens1,200309,-2.43213,0.56773,-0.23378,-0.65503,0.24308,0.28414,-1.04922,-1.47256,-0.94970,0.33526
2003-aug24,ens1,200309,-0.42296,-0.91933,-1.69656,-1.57026,-0.46195,1.23149,-2.30020,0.60678,0.80594,0.43544
2003-aug29,ens1,200309,0.54805,-0.93901,-0.80941,-0.66578,0.33481,0.47961,-0.00294,-0.85177,-1.72914,0.66114
2004-jun15,ens1,200407,-0.22717,0.27770,1.19019,0.68712,0.19319,0.42713,-0.46467,0.52746,-0.00775,0.42166
2004-jun20,ens1,200407,1.01997,0.03544,0.25305,-0.65904,-0.60487,0.05733,0.42088,-0.37988,0.76700,0.00401
2004-jun25,ens1,200407,0.42320,0.27586,-0.29238,-1.40474,-0.38724,0.61942,0.19691,-0.09915,0.53568,-0.85450
2004-jun30,ens1,200407,0.38565,0.74283,-0.07110,-0.39668,-0.68746,0.25957,-0.33397,-0.95545,0.00321,1.33799
2004-jul15,ens1,200408,0.14326,-0.51196,0.59297,-0.19045,-1.88526,-0.15473,1.51527,0.71290,-0.63743,-0.31164
2004-jul20,ens1,200408,-0.06242,0.44777,-0.24411,-0.06385,-1.72114,-0.16339,0.68708,-0.85401,0.14068,1.20663
2004-jul25,ens1,200408,1.27040,0.39064,-1.08174,0.23680,-0.03126,-0.59259,0.16024,0.39044,0.08760,1.08738
2004-jul30,ens1,200408,-0.23116,0.45116,1.05896,-0.16060,0.12968,0.98112,-0.27978,1.12808,0.33445,1.72658
2004-aug14,ens1,200409,0.33917,0.17820,-1.66595,0.34876,-2.02435,0.32851,-2.04913,0.73374,1.48181,0.73643
2004-aug19,ens1,200409,0.33691,0.10185,1.01122,0.09145,0.26681,-1.43421,1.89242,-1.15008,1.81025,-0.53623
2004-aug24,ens1,200409,0.70746,-0.18551,-0.35625,-0.34647,0.11101,0.12775,0.35729,0.32931,1.28274,-1.13016
2004-aug29,ens1,200409,0.01623,0.23292,0.94486,0.18898,0.88411,-1.70233,0.59715,0.84565,-0.04009,-0.44150
2005-jun15,ens1,200507,0.85379,-0.68248,0.09954,0.02175,-0.93758,0.79563,0.54478,-0.55911,0.00424,-0.68542
2005-jun20,ens1,200507,-0.10334,-0.86355,1.83186,-0.16899,1.32887,-0.82979,1.15009,-0.36483,1.48301,-0.74722
2005-jun25,ens1,200507,-0.38315,-1.01325,0.81332,0.84242,-0.26436,-0.53772,0.79978,-1.35137,-0.90022,0.67159
2005-jun30,ens1,200507,0.13132,-0.87996,0.58586,0.51054,-0.11327,0.29403,0.08447,-0.66557,-0.40910,-1.17122
2005-jul15,ens1,200508,-0.26444,-0.87518,-0.58069,-0.21389,0.40234,0.10238,0.48661,0.19693,-0.29739,0.30761
2005-jul20,ens1,200508,0.25162,-0.48930,0.47460,1.06437,0.72415,-0.94253,-0.66081,0.99309,-1.05968,-1.26142
2005-jul25,ens1,200508,1.40994,-0.75889,-0.38133,0.62789,0.68508,0.32344,1.31204,0.13507,1.01736,0.82285
2005-jul30,ens1,200508,0.72943,-0.29262,-0.23761,0.11634,0.43902,0.84538,-0.70519,-0.33733,-0.78711,-2.09743
2005-aug14,ens1,200509,0.93076,-0.65095,-1.79972,-0.57933,-1.11893,0.41712,-0.27695,-0.41822,2.19532,-0.31564
2005-aug19,ens1,200509,1.05464,0.01135,-0.19509,1.93029,0.10484,-0.67450,0.71562,-0.27367,0.05095,-0.15209
2005-aug24,ens1,200509,-1.41265,-0.24188,-2.49586,0.25935,0.89524,-1.19494,-2.42675,0.64143,-0.33386,-0.48178
2005-aug29,ens1,200509,0.50779,-1.07836,-0.45539,-1.21085,-1.31991,0.62021,1.29870,-1.29722,-1.01447,0.12170
2006-jun15,ens1,200607,-0.99807,-0.71586,0.67834,-0.44982,0.48603,-1.33034,0.90729,1.40294,0.58238,0.00579
2006-jun20,ens1,200607,0.55868,-1.73416,-0.15313,0.13872,-0.05495,-2.25420,-1.76737,0.02400,0.17944,-0.57090
2006-jun25,ens1,200607,-0.77843,0.65672,0.66265,0.92435,0.30103,0.88921,-1.92490,0.65279,0.34769,0.53342
2006-jun30,ens1,200607,-0.21291,-0.49943,2.19997,0.67553,-0.23343,0.58995,0.45988,-0.57345,0.57184,0.77692
2006-jul15,ens1,200608,0.31357,1.30088,-0.04380,1.17902,-0.38318,1.11682,1.45382,-0.09818,1.13361,0.72075
2006-jul20,ens1,200608,-1.27331,1.47448,0.99586,0.40815,0.52647,0.17537,1.59131,0.64187,-0.48508,-0.70558
2006-jul25,ens1,200608,-0.60776,-0.40683,-0.29296,0.74118,0.29568,-2.43088,0.24342,0.81838,-1.73624,-1.67015
2006-jul30,ens1,200608,0.03868,1.03905,0.63302,1.13097,-1.06378,0.89477,-0.07014,0.69106,-0.61879,-0.47817
2006-aug14,ens1,200609,0.11623,1.64911,-0.47751,0.62478,2.73105,-0.51606,1.04971,1.00375,-1.38661,-0.24645
2006-aug19,ens1,200609,0.20855,0.56102,-0.02062,0.33586,-0.13181,-0.62979,1.16811,-0.10441,1.53039,0.58058
2006-aug24,ens1,200609,0.25341,0.21806,0.07655,1.00749,0.31311,-0.50945,1.47935,0.26845,0.65438,1.56692
2006-aug29,ens1,200609,0.27933,-0.13268,-0.08421,0.81798,-0.55626,-1.00293,-1.93268,-0.95111,0.04933,-0.34228
2007-jun15,ens1,200707,0.21711,-0.85035,0.97701,-0.31489,-0.73209,0.42690,1.25439,0.30777,-0.23171,-0.14746
2007-jun20,ens1,200707,0.10149,-0.18972,-0.81124,0.33067,0.00848,0.14854,-0.41986,-0.40526,0.24743,0.33442
2007-jun25,ens1,200707,0.86882,-0.50890,-0.43131,0.90163,-0.18573,-0.29130,1.17057,0.45338,-0.65028,-0.25596
2007-jun30,ens1,200707,-1.19038,-0.24970,0.48762,-0.27081,-0.26826,0.15996,-0.75758,-0.91954,-0.97522,0.41483
2007-jul15,ens1,200708,0.81115,-1.53243,1.19927,-0.44622,-0.65326,-0.23474,0.87004,0.54515,0.68118,-0.64607
2007-jul20,ens1,200708,0.91484,0.31506,0.47446,0.08288,-0.02883,-0.47363,1.32325,-0.04029,0.52307,-0.37437
2007-jul25,ens1,200708,1.01526,-0.96330,0.76463,-0.73045,0.27644,-0.17577,0.78137,0.13127,0.56066,-0.75331
2007-jul30,ens1,200708,0.57437,-0.00824,0.37518,-0.20254,-0.60107,0.43505,1.34179,-0.04292,0.24865,-0.80719
2007-aug14,ens1,200709,0.03579,0.32280,-1.17028,0.08806,-0.75674,1.57442,-0.85339,-2.31355,-0.03169,0.75312
2007-aug19,ens1,200709,-0.51095,-0.61010,1.04488,0.26987,-0.43476,0.34543,0.73953,-0.53982,0.17207,-0.02605
2007-aug24,ens1,200709,0.95379,-1.77340,0.10427,0.18981,-1.48921,-0.27792,0.16776,1.47505,-1.47003,-1.54952
2007-aug29,ens1,200709,0.44239,-0.64895,1.14170,-0.48207,-1.25265,-0.09371,1.35045,-1.08558,1.13999,0.88446
2008-jun15,ens1,200807,0.72134,0.17814,-0.24147,-0.88046,-0.68807,0.30308,-1.96060,0.21770,0.65047,-0.79898
2008-jun20,ens1,200807,0.32876,0.88165,0.23909,-0.74195,-1.22630,0.21293,-0.54870,0.67554,-0.46269,-1.18569
2008-jun25,ens1,200807,0.07981,0.08908,0.59500,-0.11915,0.23439,0.15607,0.90858,0.14327,0.65629,-0.50759
2008-jun30,ens1,200807,0.94692,0.26032,0.71069,0.14174,1.16031,-1.07608,0.26630,0.44221,-0.97662,-0.53905
2008-jul15,ens1,200808,0.13281,-0.31052,0.23952,-0.38256,-1.02176,-0.05927,1.31248,-0.69073,0.14883,-0.39059
2008-jul20,ens1,200808,-0.05894,0.19862,-1.00813,-1.49178,-0.34702,0.40519,-1.23696,0.47001,0.42320,-0.58002
2008-jul25,ens1,200808,-0.38558,0.55783,0.41850,0.60298,0.77303,-1.29029,1.28130,0.88272,0.24702,-0.09498
2008-jul30,ens1,200808,1.38056,0.17598,0.22633,-0.36318,0.85398,-0.07520,-1.28654,1.27386,0.64708,-0.71082
2008-aug14,ens1,200809,-0.28485,-0.55791,0.87799,-0.16569,0.32061,-1.87838,0.15424,0.71849,0.99349,-1.35112
2008-aug19,ens1,200809,-0.50461,0.10835,0.32390,-0.20109,0.33674,-1.42756,0.99343,1.04659,-0.44510,-0.23479
2008-aug24,ens1,200809,-0.20861,0.12553,-0.30876,-0.75356,-0.02052,0.30438,0.25128,0.21479,0.77801,0.08917
2008-aug29,ens1,200809,1.13457,0.03669,0.63447,-0.44292,1.66735,0.75334,-0.62820,2.42673,1.00447,-0.31311
2009-jun15,ens1,200907,0.32116,0.19545,0.33610,0.20965,-0.78689,0.79666,0.54154,-0.36656,-1.18331,-0.47197
2009-jun20,ens1,200907,-0.84567,0.27446,-0.69170,-1.73501,-0.35012,1.76423,0.90746,1.40925,-0.36702,2.17952
2009-jun25,ens1,200907,-0.07335,-0.00421,0.33896,-1.16369,-0.10595,0.33019,0.12637,0.57953,0.40084,0.28321
2009-jun30,ens1,200907,0.48871,1.20515,1.25938,-0.86508,0.32363,0.68542,0.97340,-1.04441,0.98826,-0.26329
2009-jul15,ens1,200908,0.60748,0.35887,-1.14103,0.49134,-0.95537,1.42450,-0.04400,0.89349,0.13853,0.74180
2009-jul20,ens1,200908,-0.13963,-0.48432,1.34641,-0.69827,-0.47392,0.65126,0.97699,-0.18333,0.80942,0.31026
2009-jul25,ens1,200908,-0.02280,-0.42578,0.19438,-0.74334,-0.09068,-0.98446,-1.43504,0.62337,1.74364,-0.68036
2009-jul30,ens1,200908,-0.95489,0.44255,-0.35921,-0.13596,-0.37770,0.84278,-1.57652,-0.57359,-0.09312,1.53401
2009-aug14,ens1,200909,0.11831,-1.05521,-0.47923,-0.26458,0.02421,-0.88892,-1.21836,0.85331,-0.24960,-1.39703
2009-aug19,ens1,200909,-1.88901,-0.15172,2.24707,-0.52362,1.26280,-0.24032,-1.00473,-0.40798,-1.00128,0.40567
2009-aug24,ens1,200909,0.17234,-1.50256,0.95440,-0.85730,-1.73667,-0.14046,1.66526,1.63952,0.68227,0.32500
2009-aug29,ens1,200909,-1.07185,-0.76165,0.44022,-1.29428,-0.96533,0.28066,-1.01644,0.98170,1.39563,0.82802
2010-jun15,ens1,201007,0.88148,-0.88976,-0.15607,0.77110,0.49437,0.69328,1.83197,-1.63503,0.62245,-0.27253
2010-jun20,ens1,201007,-0.97178,-0.07026,-1.01468,1.09339,-0.37131,0.44824,0.62041,0.60620,0.31775,-0.40000
2010-jun25,ens1,201007,-0.01413,-0.80136,0.44964,0.74479,0.76472,1.13199,0.72945,-0.09394,0.39571,-1.19742
2010-jun30,ens1,201007,-1.47764,-0.40453,-0.43206,-0.06940,-0.29676,0.22627,0.05480,0.70030,0.69114,-1.42240
2010-jul15,ens1,201008,-0.56364,0.35002,0.40207,1.14367,-0.13453,0.72788,0.57288,0.50178,0.13954,0.19950
2010-jul20,ens1,201008,-0.07458,-1.07026,0.05293,-0.04909,1.17612,0.64854,0.38738,0.46498,1.84927,0.91129
2010-jul25,ens1,201008,-0.20671,-1.04160,-0.24388,0.46276,-0.14881,1.53106,-0.41671,0.71876,0.67042,0.00828
2010-jul30,ens1,201008,0.28686,-0.52421,-2.32750,0.93375,0.27718,1.08133,0.47485,0.87134,0.07446,0.95155
2010-aug14,ens1,201009,0.24914,0.41542,-0.44811,1.92779,0.67733,-0.24901,-0.27134,-0.34870,1.48656,0.67618
2010-aug19,ens1,201009,1.26269,-0.46028,-0.10188,1.19629,-0.48302,1.51897,1.07715,-0.42934,0.60461,-1.11719
2010-aug24,ens1,201009,0.24210,-0.28193,1.40208,1.49961,1.68092,-1.07257,2.17986,1.49899,0.13608,-0.06894
2010-aug29,ens1,201009,0.12329,-0.17357,0.93126,1.78595,-0.23956,-0.02857,1.46712,2.30548,1.68197,-0.79355
2011-jun15,ens1,201107,0.26990,0.66463,-0.54931,1.50283,0.03231,0.94347,-0.95593,-0.38604,-0.47272,-1.00943
2011-jun20,ens1,201107,0.68867,-0.13283,-0.71602,0.04403,0.76571,-0.47200,0.08709,-0.43432,-0.08604,-2.18391
2011-jun25,ens1,201107,0.46513,-0.30158,-0.51618,0.46643,0.42607,0.72917,-0.76889,0.37242,0.41686,0.03785
2011-jun30,ens1,201107,-0.10721,0.32555,-0.29324,0.51381,0.25476,1.33483,1.04211,0.30815,-1.03125,-0.28225
2011-jul15,ens1,201108,0.56853,-0.80254,-0.00580,0.69814,0.60555,-0.37282,-1.19187,0.06395,-0.02464,-0.77287
2011-jul20,ens1,201108,-0.75280,0.21054,-0.39704,0.28058,1.37461,0.13148,-0.48106,0.95755,-0.39646,-2.06486
2011-jul25,ens1,201108,0.77537,-0.21773,0.20786,1.63937,0.28087,-0.27670,-1.15417,0.61329,0.43111,-1.28005
2011-jul30,ens1,201108,0.41222,0.15639,0.91219,0.52848,1.73790,0.83207,0.20456,1.04878,0.63640,-0.04854
2011-aug14,ens1,201109,0.82729,0.40717,0.75417,1.66711,-0.12842,-0.00660,0.32856,-0.52911,0.02673,0.74262
2011-aug19,ens1,201109,0.11515,0.18630,0.04938,-0.20622,-0.00218,1.02030,0.71697,1.11152,-1.97831,-0.45060
2011-aug24,ens1,201109,0.31854,0.14753,0.87853,0.29819,-0.25053,-0.49893,1.41550,-1.16221,0.78138,-0.81932
2011-aug29,ens1,201109,-1.91531,0.83050,-0.14097,0.81003,0.21769,0.84827,-2.07040,0.00517,1.04265,0.70090
2012-jun15,ens1,201207,0.93793,-0.35273,-1.10644,1.43958,0.74704,-1.00288,-2.07207,0.19876,0.68313,-1.10521
2012-jun20,ens1,201207,0.38398,0.18588,-0.33254,0.89233,1.39724,-0.33962,-1.14836,0.58130,-1.33102,-0.82817
2012-jun25,ens1,201207,0.01141,0.25770,-0.67851,0.33988,1.55100,0.51668,-1.76414,0.21814,-0.26041,-0.01486
2012-jun30,ens1,201207,-0.62565,-0.78142,0.22328,0.59187,0.21511,-1.18948,-0.21880,0.42809,0.50557,-0.72863
2012-jul15,ens1,201208,0.77143,0.42620,0.14921,0.43518,1.30905,1.13485,-2.32488,-0.36431,0.21226,0.52276
2012-jul20,ens1,201208,0.00702,-0.10210,0.37214,0.66338,1.22131,0.48770,-0.63437,0.43213,0.42107,0.63433
2012-jul25,ens1,201208,-0.07891,1.20249,0.31712,1.42422,0.07511,0.17761,-0.02701,-0.30233,-0.55109,0.10074
2012-jul30,ens1,201208,0.28578,0.92795,-0.20997,0.62099,0.48152,0.02491,0.64731,0.54606,-0.43070,-0.86821
2012-aug14,ens1,201209,2.10097,-0.37034,1.67645,1.09467,1.35433,-0.81558,1.12138,2.10011,0.02046,-1.40042
2012-aug19,ens1,201209,-0.82348,-0.07530,-2.23457,-1.14492,-1.71620,0.88267,-2.04606,0.18316,0.40319,-0.13695
2012-aug24,ens1,201209,0.79195,0.55075,-1.46575,-0.40127,0.75967,-1.54551,-0.26811,-0.94365,0.47765,-1.80666
2012-aug29,ens1,201209,-0.06112,-1.01780,0.23281,-0.05654,-1.14288,-2.09396,-0.47445,0.07909,1.80418,-1.41672
2013-jun15,ens1,201307,-0.34246,-0.15609,-0.29143,1.11200,0.98553,-0.34063,-1.20824,1.57806,0.78531,0.20134
2013-jun20,ens1,201307,-0.51008,0.34009,0.00218,0.67083,-0.48966,1.62661,0.03504,-1.42527,-0.60371,-1.33360
2013-jun25,ens1,201307,-0.20723,-0.14669,-0.50500,1.19641,0.17988,-1.16929,-1.24884,-0.74589,-1.23044,-0.21883
2013-jun30,ens1,201307,-0.24356,-0.06713,-0.09060,0.91601,-0.40599,-0.78426,0.21616,-0.27984,-0.36524,-0.48914
2013-jul15,ens1,201308,-0.99759,0.33038,-0.19224,0.37373,0.29237,-0.00382,-0.55319,-0.86092,-0.34282,0.21712
2013-jul20,ens1,201308,0.52831,0.56957,0.09480,0.92900,0.34145,-0.02434,-2.08428,-1.48565,-0.01621,-0.57753
2013-jul25,ens1,201308,-0.50158,-0.37989,-0.47792,0.25184,1.14463,-1.62452,-1.82770,-0.05801,-0.06530,-0.24897
2013-jul30,ens1,201308,-0.94981,-0.14406,-0.27470,-0.50407,0.54770,-1.00765,-0.51559,-0.77897,1.02315,0.64226
2013-aug14,ens1,201309,-0.21251,-0.37425,-0.25391,0.44320,-1.52845,-0.57742,1.01564,0.43727,0.70051,-0.88796
2013-aug19,ens1,201309,0.11625,-0.05233,0.48745,0.34120,0.11762,0.89428,1.94408,-0.19783,0.60991,0.09598
2013-aug24,ens1,201309,-0.04240,0.52952,-0.67731,0.55596,-0.44633,0.26108,1.97877,-0.31729,0.66965,1.30096
2013-aug29,ens1,201309,1.01567,-0.56665,-0.77500,-0.27997,-0.13134,1.65395,1.69104,-0.83666,-1.53698,-1.32242
2014-jun15,ens1,201407,-0.85848,-0.60949,-0.46612,-0.18667,-0.96445,-0.14784,0.79217,0.26467,0.26033,0.45202
2014-jun20,ens1,201407,0.45130,0.25265,-0.86192,-0.03672,-0.01002,0.19929,0.44356,0.44889,-0.50682,-1.66109
2014-jun25,ens1,201407,-0.52979,-0.07686,-0.71316,-0.36523,-0.62027,0.05849,0.83285,0.83842,0.24283,0.34750
2014-jun30,ens1,201407,0.31574,-0.26540,-0.94950,-0.54061,-0.75535,0.01321,2.15676,-1.16021,-0.66103,0.01488
2014-jul15,ens1,201408,-0.64790,0.78697,-0.98813,0.05141,-0.62325,1.50434,0.04553,-1.97967,-0.15190,0.13297
2014-jul20,ens1,201408,-1.80199,0.07523,-0.36192,-1.50294,0.63520,0.78262,-0.33916,0.39319,0.34925,0.07114
2014-jul25,ens1,201408,-0.42827,-1.05600,-0.86092,-1.69213,-0.72677,-0.21986,0.98026,-0.29524,0.11246,0.36255
2014-jul30,ens1,201408,-1.04645,-0.78019,-0.39781,-1.04405,-0.35006,-1.58056,-0.32435,0.23179,-1.24113,0.15018
2014-aug14,ens1,201409,0.53596,-0.21334,0.53416,1.82933,1.12866,-0.32464,0.68302,1.34217,1.02285,1.14343
2014-aug19,ens1,201409,0.01530,-1.06559,0.85914,0.50004,-0.31440,0.19188,0.87120,1.48226,-1.10451,-1.09176
2014-aug24,ens1,201409,-0.51769,0.07954,0.39942,0.73480,-0.51343,-0.94379,0.93348,-0.04091,1.06297,1.16201
2014-aug29,ens1,201409,-2.18025,-0.45277,1.43475,-0.54655,-0.72364,-0.72945,0.22511,1.74668,1.42795,1.81560
2015-jun15,ens1,201507,-0.66466,-1.02687,-0.27424,0.26133,-0.18414,-0.00353,0.96348,-0.42771,-0.59314,0.14036
2015-jun20,ens1,201507,-0.01237,-0.99109,-0.04639,-0.11122,0.14542,1.53965,0.37637,-0.25162,-1.09112,1.65188
2015-jun25,ens1,201507,-0.69774,-0.86025,0.57508,-0.52789,-0.15853,2.21248,0.78204,-0.34057,0.37823,1.44997
2015-jun30,ens1,201507,-0.85477,-0.99711,0.82135,-1.09295,1.55350,1.39374,-0.51508,0.70610,1.03304,2.18753
2015-jul15,ens1,201508,0.94634,-0.29756,-0.86222,0.60748,0.16158,0.46741,1.62275,1.86774,0.25604,0.82108
2015-jul20,ens1,201508,0.08395,-0.55746,0.16855,1.01132,1.08998,-0.42076,0.94991,1.18382,-0.26107,1.42873
2015-jul25,ens1,201508,-1.12838,-0.05203,0.08825,0.09635,-0.41513,-0.61977,-0.48334,-0.42552,0.39275,-0.10121
2015-jul30,ens1,201508,-0.72872,-0.28410,0.58819,-0.16937,0.81077,0.72702,-0.88020,0.45703,0.27303,-0.03856
2015-aug14,ens1,201509,-2.37736,0.32478,-0.21583,0.58839,-0.20045,1.13683,-0.88249,-0.15082,0.86997,1.60986
2015-aug19,ens1,201509,-0.52964,-1.41590,0.27836,0.12126,1.29706,-1.47806,0.34253,0.94485,0.68755,-1.04309
2015-aug24,ens1,201509,-0.06317,-0.77766,-0.48499,0.07898,0.52527,0.52140,0.36400,0.60589,-0.05079,0.09919
2015-aug29,ens1,201509,-0.90248,0.27169,0.74520,0.61044,1.53342,1.02257,-0.18233,0.19250,0.73225,0.37717
2016-jun15,ens1,201607,0.23814,-0.52826,-0.91896,1.69025,1.13709,0.12920,0.02356,-1.03743,-0.09195,-0.29506
2016-jun20,ens1,201607,-1.32403,-1.35774,-0.61906,-0.66964,0.84739,0.72749,0.67109,0.15362,0.69019,0.43376
2016-jun25,ens1,201607,-1.26467,-1.01908,-0.92384,0.20153,-0.60035,0.53151,-0.07294,1.13469,0.84121,-0.22172
2016-jun30,ens1,201607,-0.71630,-0.61092,-0.58044,1.04636,-0.20009,-0.30111,-0.04401,-0.54187,-0.98940,-0.98618
2016-jul15,ens1,201608,-0.84679,-1.33960,-1.14756,0.71946,0.93593,1.15367,-2.01664,1.30545,1.46689,-1.51057
2016-jul20,ens1,201608,-0.28460,-0.88790,-1.72129,0.33794,0.46192,0.45527,-0.76151,-0.54884,-0.71780,-0.36622
2016-jul25,ens1,201608,-0.41688,-0.85744,-0.35821,0.47974,0.85242,0.93670,0.16246,1.35671,0.65953,-1.10218
2016-jul30,ens1,201608,-0.53986,-1.42556,-1.64051,0.64516,0.30030,-1.12141,-1.11376,1.30113,1.01001,-0.67772
2016-aug14,ens1,201609,0.50676,-0.80473,-0.57005,0.80531,0.79956,0.68475,0.97496,0.29984,-0.88821,-1.27081
2016-aug19,ens1,201609,-0.42257,-0.92168,-0.33798,-0.34561,0.45735,1.54745,-1.96211,0.43308,-0.11325,-0.35034
2016-aug24,ens1,201609,-0.67324,-1.59270,0.20626,0.40795,0.30315,0.29043,0.52798,0.68255,1.22433,-0.56848
2016-aug29,ens1,201609,-0.49172,-0.96047,-1.25053,0.55046,0.03287,0.68801,1.11151,-0.14299,0.35853,0.73823
2017-jun15,ens1,201707,0.41397,-1.42747,0.08504,-0.15256,-0.36074,1.34309,0.58337,0.83679,0.90623,-0.55922
2017-jun20,ens1,201707,-0.96714,-0.79069,0.70623,0.04477,-0.87605,1.70794,0.29545,-0.43546,-0.05687,0.69729
2017-jun25,ens1,201707,-1.93422,0.32400,0.28119,2.06083,0.43042,-0.32642,-0.76777,0.60138,0.15185,0.89810
2017-jun30,ens1,201707,-0.32506,0.14276,-1.07933,0.24803,-0.69375,2.98104,-0.32602,-0.28394,-0.63262,0.12564
2017-jul15,ens1,201708,-1.69599,0.66380,0.08490,0.21589,0.31958,2.21042,-0.12308,-0.34866,-0.56613,1.41628
2017-jul20,ens1,201708,-1.47594,0.01790,0.00688,1.35820,-0.03476,0.06822,-0.75943,-0.75523,-0.05371,0.98152
2017-jul25,ens1,201708,0.58614,-1.26998,-0.04950,0.17969,-0.65703,0.62189,0.62868,-0.46259,-0.55386,0.46367
2017-jul30,ens1,201708,0.31728,-1.54795,-0.25613,0.18877,0.59945,1.18503,0.00902,0.08849,0.10968,1.20895
2017-aug14,ens1,201709,-1.23058,-0.50725,-2.10904,-1.13781,0.32533,0.69068,0.40574,-1.65698,-0.56400,0.67609
2017-aug19,ens1,201709,-0.92772,-0.02771,1.27486,0.22931,-1.06908,-0.35199,-0.23322,-0.61349,0.85874,-0.61936
2017-aug24,ens1,201709,-0.59066,-1.33303,0.84661,0.06216,0.61600,-0.68473,0.31224,0.54973,-0.83941,-1.19023
2017-aug29,ens1,201709,0.47629,-1.02074,-0.89547,0.44780,0.62026,-0.06118,0.13373,0.80411,-1.46315,-0.94744
2018-jun15,ens1,201807,-0.02004,-0.53014,-0.55940,0.68569,0.61039,1.27913,-0.89742,0.93709,0.57183,1.54128
2018-jun20,ens1,201807,-0.57233,-1.03356,0.15788,0.81889,0.43931,-1.38482,1.12954,0.13893,0.81187,-0.92941
2018-jun25,ens1,201807,-0.19563,-0.59610,-0.32339,1.04019,0.83206,-0.05489,-0.54205,0.79247,0.69464,-0.59721
2018-jun30,ens1,201807,-1.19490,-0.69826,0.59724,0.49143,0.70021,-0.53503,1.93283,-0.30500,1.15711,-0.34351
2018-jul15,ens1,201808,-1.12179,-1.20114,-0.16497,0.77218,0.45438,-0.46838,-1.15729,1.69041,-1.15380,-0.73315
2018-jul20,ens1,201808,-0.33403,-0.31249,0.53508,0.74074,1.39465,0.22389,-0.15271,1.19825,-0.00501,-0.32843
2018-jul25,ens1,201808,-1.37471,0.86499,-0.02784,-0.26746,0.14132,1.81303,-0.00819,-0.02908,-0.80413,1.10983
2018-jul30,ens1,201808,-1.95222,0.62543,2.04536,0.92641,0.95202,0.18934,1.66813,-0.29371,-0.44028,0.55441
2018-aug14,ens1,201809,-0.61286,-0.72696,0.64456,-0.12439,1.26023,-0.78658,1.15308,0.48506,-0.81584,0.28283
2018-aug19,ens1,201809,-1.51619,0.77241,1.65497,1.28014,0.89935,0.19192,1.70683,-1.63806,-1.22561,1.00177
2018-aug24,ens1,201809,-0.10577,-0.92032,1.30936,0.57307,-0.61300,-2.48134,1.23583,-0.82983,2.00552,-0.97501
2018-aug29,ens1,201809,-0.33669,0.62554,0.49368,0.65145,1.62696,-1.13070,0.94053,0.28231,0.91800,0.71277
2019-jun15,ens1,201907,-1.22054,-0.10750,-0.82979,0.08820,0.27787,1.10307,-0.35685,-0.31207,-0.57119,0.83316
2019-jun20,ens1,201907,-1.21088,-0.25551,-0.35354,0.49326,1.44024,0.49164,0.65062,0.62391,-0.46261,0.32001
2019-jun25,ens1,201907,-1.42465,0.23785,-0.33905,0.37870,1.24308,0.38742,-0.86154,-1.03810,-0.29236,0.00282
2019-jun30,ens1,201907,-0.62743,-0.31299,-0.70598,0.01432,-0.43374,1.12958,-0.28895,0.78361,0.04730,1.88874
2019-jul15,ens1,201908,-0.56008,-0.48186,-0.18858,0.86525,1.16812,-0.32524,0.51160,-0.40870,-0.01393,0.11070
2019-jul20,ens1,201908,-0.51353,-0.63509,0.45568,0.81293,1.62461,1.21307,0.54670,0.38158,-0.27165,-1.05514
2019-jul25,ens1,201908,-0.09879,-0.32873,-1.04864,1.48715,1.11720,0.10949,-1.15451,0.18423,0.60565,0.42589
2019-jul30,ens1,201908,0.29969,-1.57289,0.33633,0.30840,0.78290,0.21898,-0.18941,0.50113,-0.30592,1.02319
2019-aug14,ens1,201909,-1.35125,-1.35489,-1.42427,0.10809,1.17984,0.69214,-0.33090,1.17479,-0.85520,0.33289
2019-aug19,ens1,201909,-1.45241,-1.67120,-0.08377,-0.01635,1.45402,-0.24208,-1.52263,2.12080,0.38990,-0.63919
2019-aug24,ens1,201909,-0.46218,-0.73108,0.46939,0.63337,1.43621,1.57228,-0.06077,-0.84451,-0.10351,0.62620
2019-aug29,ens1,201909,-0.30713,-1.07628,-2.44021,-0.99076,-1.36160,2.24770,0.21541,-0.08166,-1.36991,-0.84673
2020-jun15,ens1,202007,-2.11131,-0.34082,0.12336,0.53815,0.63549,-0.49196,0.64785,-0.15350,0.61735,-0.66134
2020-jun20,ens1,202007,-1.37220,-0.71459,0.49130,-0.37443,-0.08089,1.99923,1.01736,-0.75064,0.03612,-0.04019
2020-jun25,ens1,202007,-0.65316,0.04269,0.07189,0.16635,-0.50201,2.48381,0.51465,0.50278,0.39567,1.00829
2020-jun30,ens1,202007,0.15797,-0.64435,-0.85074,0.40266,0.21343,1.59531,-0.80357,-0.77163,0.40733,0.40969
2020-jul15,ens1,202008,-0.63810,-1.68413,-0.02119,0.69677,0.71562,0.64655,2.45158,-0.19998,0.26627,-0.92420
2020-jul20,ens1,202008,0.12513,-0.91847,0.24249,0.92327,0.17813,1.26857,1.46295,0.03740,0.47572,-0.57358
2020-jul25,ens1,202008,-1.29313,-1.08315,1.22916,0.44439,1.17377,0.55116,1.35279,0.29489,0.10316,1.11316
2020-jul30,ens1,202008,-0.33892,-1.21589,-0.74767,-0.10484,0.82495,1.20160,0.06858,-0.77326,-1.21471,0.00616
2020-aug14,ens1,202009,-1.23741,-0.12422,1.39834,0.53022,-0.40378,1.42359,-0.80845,-0.70832,1.48072,0.95078
2020-aug19,ens1,202009,-0.34988,-1.53961,-0.91772,-0.02974,0.87011,1.73313,1.60807,0.01080,-0.38586,1.28430
2020-aug24,ens1,202009,-0.44841,-0.81094,0.44627,0.42615,-0.21819,1.81952,-1.17545,-0.80707,3.25128,1.47758
2020-aug29,ens1,202009,-0.32985,-0.93337,-0.86983,0.43013,1.57487,0.04407,1.18065,0.01483,0.50992,-0.02034
2021-jun15,ens1,202107,-1.74744,-1.15557,0.25059,0.79475,1.46597,-1.50495,0.95182,0.39338,1.07168,-1.34102
2021-jun20,ens1,202107,0.08371,-0.56837,0.10326,1.37641,0.90141,0.06213,0.45355,-0.56854,0.41558,-0.29858
2021-jun25,ens1,202107,-0.66872,-1.24524,-0.92610,1.00782,1.16607,-0.77475,1.31636,-0.78196,-0.00804,0.40699
2021-jun30,ens1,202107,-1.49537,-0.85238,0.33290,0.85894,1.26684,-0.90313,0.55410,1.24557,0.64303,-1.19055
2021-jul15,ens1,202108,-0.23769,-2.23766,-0.65881,0.30545,1.21152,-1.32301,-0.51293,-0.92681,0.73055,-1.41313
2021-jul20,ens1,202108,-1.07874,-0.88842,-0.62840,0.36919,1.03077,-0.85042,0.18077,0.55357,-0.72877,-0.96314
2021-jul25,ens1,202108,0.65931,-1.55659,-1.68516,-0.46148,-0.21477,1.73954,0.68274,-0.63439,0.53043,0.03063
2021-jul30,ens1,202108,-0.24871,-1.20326,-0.51401,-0.20904,0.51451,0.02565,0.66030,-0.15907,1.47013,-0.88319
2021-aug14,ens1,202109,0.47334,-0.73217,1.65293,0.68753,1.08424,0.44343,1.31193,-0.78228,-1.37472,-1.00211
2021-aug19,ens1,202109,0.95047,-1.79348,-0.68391,-0.31569,1.95533,-0.32879,0.45990,-0.27012,0.11833,-0.13728
2021-aug24,ens1,202109,0.40074,1.08056,-0.42967,1.84578,1.28928,0.84760,-0.00052,0.02057,-1.28027,-0.00465
2021-aug29,ens1,202109,-0.87263,-0.48445,0.49092,-0.04064,-1.14450,-0.88364,1.00956,-1.48410,1.50368,-0.07177
2022-jun15,ens1,202207,-1.45191,0.41434,-0.35479,-0.14411,0.01010,-0.26060,-0.47452,-0.60818,-0.16821,-0.88829
2022-jun20,ens1,202207,-1.01474,-0.66677,1.04906,0.57773,1.90363,-1.86388,0.65601,-0.09465,-0.10249,-0.22016
2022-jun25,ens1,202207,-1.02519,0.12206,0.07768,0.74261,0.84256,-2.03292,-1.01361,-0.30066,1.35390,-1.15557
2022-jun30,ens1,202207,0.31280,0.11389,-0.51546,1.10181,0.40034,0.15292,0.71421,-0.45066,0.89512,-1.19936
2022-jul15,ens1,202208,-0.62932,-0.92212,-0.06823,0.58123,1.79721,0.28145,-0.21367,2.06581,0.01551,-1.26583
2022-jul20,ens1,202208,-1.23209,-0.06082,-0.84172,0.34126,0.15981,1.91347,0.42273,0.57032,0.43615,0.98317
2022-jul25,ens1,202208,-0.05754,-0.48358,-0.07873,0.75050,-0.43814,0.89146,-0.81175,-0.50308,0.61237,-1.03126
2022-jul30,ens1,202208,-0.70892,-0.59269,-0.57085,-0.30732,1.19570,-0.05253,1.63965,1.67014,0.41292,-0.16886
2022-aug14,ens1,202209,-0.78759,-1.78404,0.47437,1.49066,-0.20934,0.07523,0.75894,-0.02330,-1.68331,-1.07069
2022-aug19,ens1,202209,-0.81253,-0.67438,-0.28412,0.45216,0.17250,0.97774,0.59473,-0.38780,-0.60814,-0.51779
2022-aug24,ens1,202209,-0.28634,-1.55223,-1.33956,-0.11195,2.50391,2.12552,-1.83592,-0.11089,-1.90827,0.87832
2022-aug29,ens1,202209,0.02098,-0.81014,0.51550,1.77522,0.27768,0.51118,1.12999,0.34146,-0.18312,-0.94088
2023-jun15,ens1,202307,-0.36543,-1.23122,-0.37881,-0.03982,0.55395,1.25076,-0.26865,0.43848,-0.29123,-0.11237
2023-jun20,ens1,202307,-0.98454,0.12567,0.15191,2.00851,1.48348,0.55610,-0.96886,-0.75251,-0.66913,0.18156
2023-jun25,ens1,202307,-1.00335,-0.46286,0.17977,0.79731,-0.05862,2.17848,-0.08928,-0.71188,0.53574,-0.54111
2023-jun30,ens1,202307,-0.91618,-1.11849,-0.39973,1.80427,0.87155,-0.38577,0.37985,0.03346,0.43075,0.18832
2023-jul15,ens1,202308,-0.72267,-0.75085,-1.29694,1.38051,1.60309,1.08613,-0.69384,0.29445,0.85862,-0.08439
2023-jul20,ens1,202308,-1.14491,-1.40955,-0.54316,0.84296,0.57055,0.82744,0.71619,-0.72338,-1.10029,0.74436
2023-jul25,ens1,202308,-0.54360,-1.08590,-0.04600,1.53856,0.39499,1.25194,-0.49532,-0.82536,0.27790,-0.04579
2023-jul30,ens1,202308,-0.09637,-1.60624,-2.04159,0.99102,-0.31108,1.10557,-0.27019,-1.65700,0.00338,0.48735
2023-aug14,ens1,202309,-1.78252,-1.09619,0.60878,2.10100,-1.39374,0.75251,-0.31333,-1.25213,-0.06869,-1.39393
2023-aug19,ens1,202309,0.69983,-1.48230,-3.33565,0.71464,0.99336,0.26558,-1.94569,-0.28326,0.38792,-2.50245
2023-aug24,ens1,202309,1.02506,-1.60749,-1.12748,0.95687,2.31584,0.82361,1.01442,-0.08715,0.47122,-1.15138
2023-aug29,ens1,202309,-0.03098,-2.04901,-0.58439,2.71743,3.44325,-2.16555,2.67808,0.67373,-0.83604,0.01493
